"series","year","ca_cost","ab_cost_obs","ab_cost_est","source"
"FE",1998,12.86,15.31,15.31,"observed"
"FE",1999,12.94,17.04,17.04,"observed"
"FE",2000,12.82,14.58,14.58,"observed"
"FE",2001,12.24,25.25,25.25,"observed"
"FE",2002,11.5,17.98,17.98,"observed"
"FE",2003,13.69,29.66,29.66,"observed"
"FE",2004,15.67,26.43,26.43,"observed"
"FE",2005,17.12,31.64,31.64,"observed"
"FE",2006,19.66,32.36,32.36,"observed"
"FE",2007,19.39,32.11,32.11,"observed"
"FE",2008,23.08,24.38,24.38,"observed"
"FE",2009,19.86,21.78,21.78,"observed"
"FE",2010,16.75,22.87,22.87,"observed"
"FE",2011,18.62,26.81,26.81,"observed"
"FE",2012,21.3,17.32,17.32,"observed"
"FE",2013,20.5,26.86,26.86,"observed"
"FE",2014,22.55,26.23,26.23,"observed"
"FE",2015,17.78,19.72,19.72,"observed"
"FE",2016,16.44,NA,23.3841501987227,"predicted"
"FE",2017,17.35,NA,23.9278987680154,"predicted"
"FE",2018,20.22,NA,25.6427981019386,"predicted"
"FE",2019,19.65,NA,25.3022083387553,"predicted"
"FE",2020,17.78,NA,24.1848349051537,"predicted"
"FE",2021,12.14,NA,20.8147888273395,"predicted"
"FE",2022,17.4,NA,23.9577750630315,"predicted"
"FE",2023,15.03,NA,22.5416386792691,"predicted"
"MS",1998,54.38,53.33,53.33,"observed"
"MS",1999,71.11,88.61,88.61,"observed"
"MS",2000,65.55,64.98,64.98,"observed"
"MS",2001,59.87,91.92,91.92,"observed"
"MS",2002,58.63,82.42,82.42,"observed"
"MS",2003,65.43,102.9,102.9,"observed"
"MS",2004,64.17,91.13,91.13,"observed"
"MS",2005,56.44,89.55,89.55,"observed"
"MS",2006,58.82,110.31,110.31,"observed"
"MS",2007,58.01,89.91,89.91,"observed"
"MS",2008,61.4,97.76,97.76,"observed"
"MS",2009,66.59,84.88,84.88,"observed"
"MS",2010,58.73,112.71,112.71,"observed"
"MS",2011,54.2,96.81,96.81,"observed"
"MS",2012,42.58,53.47,53.47,"observed"
"MS",2013,51.1,62.37,62.37,"observed"
"MS",2014,74.7,80.07,80.07,"observed"
"MS",2015,41.58,41.92,41.92,"observed"
"MS",2016,45.64,NA,66.7023689143136,"predicted"
"MS",2017,42.73,NA,63.1588134017676,"predicted"
"MS",2018,51.64,NA,74.0086689401817,"predicted"
"MS",2019,68.65,NA,94.7220295135178,"predicted"
"MS",2020,94.55,NA,126.260891291848,"predicted"
"MS",2021,80.74,NA,109.444224065642,"predicted"
"MS",2022,79.15,NA,107.508054558787,"predicted"
"MS",2023,100.74,NA,133.798557485202,"predicted"
"Salary",1998,73.99,60.44,60.44,"observed"
"Salary",1999,74.43,61.98,61.98,"observed"
"Salary",2000,71.68,49.95,49.95,"observed"
"Salary",2001,56.29,67.4,67.4,"observed"
"Salary",2002,53.12,49.88,49.88,"observed"
"Salary",2003,60.4,59.81,59.81,"observed"
"Salary",2004,51.08,43.68,43.68,"observed"
"Salary",2005,53.44,54.39,54.39,"observed"
"Salary",2006,61.22,55.49,55.49,"observed"
"Salary",2007,58.46,53.73,53.73,"observed"
"Salary",2008,56.25,51.05,51.05,"observed"
"Salary",2009,61.43,49.32,49.32,"observed"
"Salary",2010,58.38,50.5,50.5,"observed"
"Salary",2011,57.95,54.03,54.03,"observed"
"Salary",2012,61.96,31.63,31.63,"observed"
"Salary",2013,63.29,39.23,39.23,"observed"
"Salary",2014,65.4,40.27,40.27,"observed"
"Salary",2015,58.73,41.23,41.23,"observed"
"Salary",2016,56.84,NA,50.0010104906281,"predicted"
"Salary",2017,65.35,NA,51.6018482567694,"predicted"
"Salary",2018,82.83,NA,54.8900555601948,"predicted"
"Salary",2019,67.39,NA,51.985597850533,"predicted"
"Salary",2020,82.92,NA,54.9069856893315,"predicted"
"Salary",2021,57.17,NA,50.0630876307957,"predicted"
"Salary",2022,74.39,NA,53.3023856722709,"predicted"
"Salary",2023,75.7,NA,53.5488131074818,"predicted"
