year,ab_ms,year,ca_ms,,year,ab_fe,year,ca_fe,,year,ab_salary,year,ca_salary
1998,53.33,1996,72.32,,1998,15.31,1996,15.64,,1998,60.44,1996,78.43
1999,88.61,1997,65.26,,1999,17.04,1997,13.69,,1999,61.98,1997,72.77
2000,64.98,1998,54.38,,2000,14.58,1998,12.86,,2000,49.95,1998,73.99
2001,91.92,1999,71.11,,2001,25.25,1999,12.94,,2001,67.4,1999,74.43
2002,82.42,2000,65.55,,2002,17.98,2000,12.82,,2002,49.88,2000,71.68
2003,102.9,2001,59.87,,2003,29.66,2001,12.24,,2003,59.81,2001,56.29
2004,91.13,2002,58.63,,2004,26.43,2002,11.5,,2004,43.68,2002,53.12
2005,89.55,2003,65.43,,2005,31.64,2003,13.69,,2005,54.39,2003,60.4
2006,110.31,2004,64.17,,2006,32.36,2004,15.67,,2006,55.49,2004,51.08
2007,89.91,2005,56.44,,2007,32.11,2005,17.12,,2007,53.73,2005,53.44
2008,97.76,2006,58.82,,2008,24.38,2006,19.66,,2008,51.05,2006,61.22
2009,84.88,2007,58.01,,2009,21.78,2007,19.39,,2009,49.32,2007,58.46
2010,112.71,2008,61.4,,2010,22.87,2008,23.08,,2010,50.5,2008,56.25
2011,96.81,2009,66.59,,2011,26.81,2009,19.86,,2011,54.03,2009,61.43
2012,53.47,2010,58.73,,2012,17.32,2010,16.75,,2012,31.63,2010,58.38
2013,62.37,2011,54.2,,2013,26.86,2011,18.62,,2013,39.23,2011,57.95
2014,80.07,2012,42.58,,2014,26.23,2012,21.3,,2014,40.27,2012,61.96
2015,41.92,2013,51.1,,2015,19.72,2013,20.5,,2015,41.23,2013,63.29
,,2014,74.7,,,,2014,22.55,,,,2014,65.4
,,2015,41.58,,,,2015,17.78,,,,2015,58.73
,,2016,45.64,,,,2016,16.44,,,,2016,56.84
,,2017,42.73,,,,2017,17.35,,,,2017,65.35
,,2018,51.64,,,,2018,20.22,,,,2018,82.83
,,2019,68.65,,,,2019,19.65,,,,2019,67.39
,,2020,94.55,,,,2020,17.78,,,,2020,82.92
,,2021,80.74,,,,2021,12.14,,,,2021,57.17
,,2022,79.15,,,,2022,17.4,,,,2022,74.39
,,2023,100.74,,,,2023,15.03,,,,2023,75.7